Fecha,USD
2021-01-01,84.145
2021-01-02,84.145
2021-01-03,84.145
2021-01-04,84.7033
2021-01-05,84.7967
2021-01-06,84.9033
2021-01-07,85
2021-01-08,85.105
2021-01-09,85.105
2021-01-10,85.105
2021-01-11,85.3783
2021-01-12,85.465
2021-01-13,85.555
2021-01-14,85.645
2021-01-15,85.735
2021-01-16,85.735
2021-01-17,85.735
2021-01-18,86.0667
2021-01-19,86.1967
2021-01-20,86.32
2021-01-21,86.4283
2021-01-22,86.5467
2021-01-23,86.5467
2021-01-24,86.5467
2021-01-25,86.9117
2021-01-26,87.0217
2021-01-27,87.1233
2021-01-28,87.2167
2021-01-29,87.2983
2021-01-30,87.2983
2021-01-31,87.2983
2021-02-01,87.605
2021-02-02,87.7033
2021-02-03,87.805
2021-02-04,87.905
2021-02-05,88.005
2021-02-06,88.005
2021-02-07,88.005
2021-02-08,88.165
2021-02-09,88.275
2021-02-10,88.355
2021-02-11,88.45
2021-02-12,88.5383
2021-02-13,88.5383
2021-02-14,88.5383
2021-02-15,88.5383
2021-02-16,88.5383
2021-02-17,88.945
2021-02-18,89.045
2021-02-19,89.1567
2021-02-20,89.1567
2021-02-21,89.1567
2021-02-22,89.4383
2021-02-23,89.535
2021-02-24,89.6383
2021-02-25,89.7533
2021-02-26,89.825
2021-02-27,89.825
2021-02-28,89.825
2021-03-01,90.085
2021-03-02,90.155
2021-03-03,90.2233
2021-03-04,90.295
2021-03-05,90.365
2021-03-06,90.365
2021-03-07,90.365
2021-03-08,90.5817
2021-03-09,90.6517
2021-03-10,90.7233
2021-03-11,90.7867
2021-03-12,90.855
2021-03-13,90.855
2021-03-14,90.855
2021-03-15,91.0667
2021-03-16,91.135
2021-03-17,91.205
2021-03-18,91.28
2021-03-19,91.3567
2021-03-20,91.3567
2021-03-21,91.3567
2021-03-22,91.5683
2021-03-23,91.6367
2021-03-24,91.6367
2021-03-25,91.7767
2021-03-26,91.8483
2021-03-27,91.8483
2021-03-28,91.8483
2021-03-29,91.9217
2021-03-30,91.9583
2021-03-31,91.985
2021-04-01,91.985
2021-04-02,91.985
2021-04-03,91.985
2021-04-04,91.985
2021-04-05,92.2367
2021-04-06,92.2867
2021-04-07,92.335
2021-04-08,92.3867
2021-04-09,92.435
2021-04-10,92.435
2021-04-11,92.435
2021-04-12,92.5817
2021-04-13,92.6283
2021-04-14,92.6767
2021-04-15,92.725
2021-04-16,92.7767
2021-04-17,92.7767
2021-04-18,92.7767
2021-04-19,92.9267
2021-04-20,92.975
2021-04-21,93.025
2021-04-22,93.075
2021-04-23,93.125
2021-04-24,93.125
2021-04-25,93.125
2021-04-26,93.275
2021-04-27,93.335
2021-04-28,93.4167
2021-04-29,93.5
2021-04-30,93.555
2021-05-01,93.555
2021-05-02,93.555
2021-05-03,93.675
2021-05-04,93.715
2021-05-05,93.755
2021-05-06,93.795
2021-05-07,93.835
2021-05-08,93.835
2021-05-09,93.835
2021-05-10,93.925
2021-05-11,93.955
2021-05-12,93.985
2021-05-13,94.015
2021-05-14,94.045
2021-05-15,94.045
2021-05-16,94.045
2021-05-17,94.135
2021-05-18,94.165
2021-05-19,94.21
2021-05-20,94.245
2021-05-21,94.2767
2021-05-22,94.2767
2021-05-23,94.2767
2021-05-24,94.2767
2021-05-25,94.2767
2021-05-26,94.485
2021-05-27,94.525
2021-05-28,94.565
2021-05-29,94.565
2021-05-30,94.565
2021-05-31,94.685
2021-06-01,94.735
2021-06-02,94.775
2021-06-03,94.815
2021-06-04,94.86
2021-06-05,94.86
2021-06-06,94.86
2021-06-07,94.975
2021-06-08,95.015
2021-06-09,95.055
2021-06-10,95.0967
2021-06-11,95.135
2021-06-12,95.135
2021-06-13,95.135
2021-06-14,95.255
2021-06-15,95.285
2021-06-16,95.315
2021-06-17,95.3517
2021-06-18,95.3817
2021-06-19,95.3817
2021-06-20,95.3817
2021-06-21,95.3817
2021-06-22,95.4967
2021-06-23,95.53
2021-06-24,95.5583
2021-06-25,95.59
2021-06-26,95.59
2021-06-27,95.59
2021-06-28,95.6833
2021-06-29,95.705
2021-06-30,95.7267
2021-07-01,95.7667
2021-07-02,95.795
2021-07-03,95.795
2021-07-04,95.795
2021-07-05,95.89
2021-07-06,95.9183
2021-07-07,95.9483
2021-07-08,95.9767
2021-07-09,95.9767
2021-07-10,95.9767
2021-07-11,95.9767
2021-07-12,96.095
2021-07-13,96.125
2021-07-14,96.155
2021-07-15,96.185
2021-07-16,96.215
2021-07-17,96.215
2021-07-18,96.215
2021-07-19,96.305
2021-07-20,96.335
2021-07-21,96.365
2021-07-22,96.395
2021-07-23,96.4317
2021-07-24,96.4317
2021-07-25,96.4317
2021-07-26,96.5267
2021-07-27,96.5783
2021-07-28,96.635
2021-07-29,96.6667
2021-07-30,96.685
2021-07-31,96.685
2021-08-01,96.685
2021-08-02,96.7817
2021-08-03,96.8133
2021-08-04,96.8433
2021-08-05,96.875
2021-08-06,96.9083
2021-08-07,96.9083
2021-08-08,96.9083
2021-08-09,96.9967
2021-08-10,97.0283
2021-08-11,97.0517
2021-08-12,97.0767
2021-08-13,97.105
2021-08-14,97.105
2021-08-15,97.105
2021-08-16,97.105
2021-08-17,97.23
2021-08-18,97.265
2021-08-19,97.2883
2021-08-20,97.315
2021-08-21,97.315
2021-08-22,97.315
2021-08-23,97.4117
2021-08-24,97.4367
2021-08-25,97.4833
2021-08-26,97.545
2021-08-27,97.5667
2021-08-28,97.5667
2021-08-29,97.5667
2021-08-30,97.7167
2021-08-31,97.7517
2021-09-01,97.78
2021-09-02,97.8333
2021-09-03,97.8683
2021-09-04,97.8683
2021-09-05,97.8683
2021-09-06,97.95
2021-09-07,97.9883
2021-09-08,98.0233
2021-09-09,98.05
2021-09-10,98.0967
2021-09-11,98.0967
2021-09-12,98.0967
2021-09-13,98.2083
2021-09-14,98.22
2021-09-15,98.245
2021-09-16,98.3117
2021-09-17,98.3483
2021-09-18,98.3483
2021-09-19,98.3483
2021-09-20,98.4817
2021-09-21,98.4917
2021-09-22,98.505
2021-09-23,98.5183
2021-09-24,98.56
2021-09-25,98.56
2021-09-26,98.56
2021-09-27,98.6683
2021-09-28,98.6817
2021-09-29,98.705
2021-09-30,98.735
2021-10-01,98.7817
2021-10-02,98.7817
2021-10-03,98.7817
2021-10-04,98.885
2021-10-05,98.9
2021-10-06,98.9217
2021-10-07,98.945
2021-10-08,98.945
2021-10-09,98.945
2021-10-10,98.945
2021-10-11,98.945
2021-10-12,99.1
2021-10-13,99.125
2021-10-14,99.155
2021-10-15,99.185
2021-10-16,99.185
2021-10-17,99.185
2021-10-18,99.275
2021-10-19,99.305
2021-10-20,99.3383
2021-10-21,99.3683
2021-10-22,99.3983
2021-10-23,99.3983
2021-10-24,99.3983
2021-10-25,99.4933
2021-10-26,99.5267
2021-10-27,99.6167
2021-10-28,99.6917
2021-10-29,99.7217
2021-10-30,99.7217
2021-10-31,99.7217
2021-11-01,99.825
2021-11-02,99.8533
2021-11-03,99.9033
2021-11-04,99.9517
2021-11-05,99.9467
2021-11-06,99.9467
2021-11-07,99.9467
2021-11-08,100.05
2021-11-09,100.0983
2021-11-10,100.1433
2021-11-11,100.175
2021-11-12,100.2267
2021-11-13,100.2267
2021-11-14,100.2267
2021-11-15,100.2917
2021-11-16,100.3083
2021-11-17,100.3583
2021-11-18,100.4067
2021-11-19,100.465
2021-11-20,100.465
2021-11-21,100.465
2021-11-22,100.465
2021-11-23,100.595
2021-11-24,100.6233
2021-11-25,100.6833
2021-11-26,100.7583
2021-11-27,100.7583
2021-11-28,100.7583
2021-11-29,100.9233
2021-11-30,100.925
2021-12-01,101.005
2021-12-02,101.07
2021-12-03,101.155
2021-12-04,101.155
2021-12-05,101.155
2021-12-06,101.3233
2021-12-07,101.365
2021-12-08,101.365
2021-12-09,101.5083
2021-12-10,101.58
2021-12-11,101.58
2021-12-12,101.58
2021-12-13,101.725
2021-12-14,101.7733
2021-12-15,101.83
2021-12-16,101.8883
2021-12-17,101.9667
2021-12-18,101.9667
2021-12-19,101.9667
2021-12-20,102.145
2021-12-21,102.2017
2021-12-22,102.2767
2021-12-23,102.33
2021-12-24,102.33
2021-12-25,102.33
2021-12-26,102.33
2021-12-27,102.5667
2021-12-28,102.62
2021-12-29,102.69
2021-12-30,102.75
2021-12-31,102.75
2022-01-01,102.75
2022-01-02,102.75
2022-01-03,103.04
2022-01-04,103.08
2022-01-05,103.15
2022-01-06,103.23
2022-01-07,103.29
2022-01-08,103.29
2022-01-09,103.29
2022-01-10,103.5083
2022-01-11,103.5767
2022-01-12,103.6417
2022-01-13,103.7433
2022-01-14,103.8467
2022-01-15,103.8467
2022-01-16,103.8467
2022-01-17,104.07
2022-01-18,104.1867
2022-01-19,104.2383
2022-01-20,104.3033
2022-01-21,104.3533
2022-01-22,104.3533
2022-01-23,104.3533
2022-01-24,104.5317
2022-01-25,104.6033
2022-01-26,104.6833
2022-01-27,104.7583
2022-01-28,104.8267
2022-01-29,104.8267
2022-01-30,104.8267
2022-01-31,105.015
2022-02-01,105.135
2022-02-02,105.2167
2022-02-03,105.31
2022-02-04,105.415
2022-02-05,105.415
2022-02-06,105.415
2022-02-07,105.695
2022-02-08,105.795
2022-02-09,105.905
2022-02-10,106.005
2022-02-11,106.1133
2022-02-12,106.1133
2022-02-13,106.1133
2022-02-14,106.3917
2022-02-15,106.4767
2022-02-16,106.575
2022-02-17,106.6767
2022-02-18,106.7783
2022-02-19,106.7783
2022-02-20,106.7783
2022-02-21,107.055
2022-02-22,107.1567
2022-02-23,107.3
2022-02-24,107.3933
2022-02-25,107.4417
2022-02-26,107.4417
2022-02-27,107.4417
2022-02-28,107.4417
2022-03-01,107.4417
2022-03-02,107.935
2022-03-03,108.0383
2022-03-04,108.1617
2022-03-05,108.1617
2022-03-06,108.1617
2022-03-07,108.4517
2022-03-08,108.5567
2022-03-09,108.6767
2022-03-10,108.7833
2022-03-11,108.8867
2022-03-12,108.8867
2022-03-13,108.8867
2022-03-14,109.21
2022-03-15,109.305
2022-03-16,109.4267
2022-03-17,109.52
2022-03-18,109.6367
2022-03-19,109.6367
2022-03-20,109.6367
2022-03-21,109.9917
2022-03-22,110.0717
2022-03-23,110.185
2022-03-24,110.185
2022-03-25,110.39
2022-03-26,110.39
2022-03-27,110.39
2022-03-28,110.7033
2022-03-29,110.8033
2022-03-30,110.9167
2022-03-31,110.9783
2022-04-01,111.125
2022-04-02,111.125
2022-04-03,111.125
2022-04-04,111.5583
2022-04-05,111.6983
2022-04-06,111.8433
2022-04-07,111.9783
2022-04-08,112.13
2022-04-09,112.13
2022-04-10,112.13
2022-04-11,112.5917
2022-04-12,112.735
2022-04-13,112.9133
2022-04-14,112.9133
2022-04-15,112.9133
2022-04-16,112.9133
2022-04-17,112.9133
2022-04-18,113.6617
2022-04-19,113.7867
2022-04-20,113.9483
2022-04-21,114.1067
2022-04-22,114.2517
2022-04-23,114.2517
2022-04-24,114.2517
2022-04-25,114.695
2022-04-26,114.8417
2022-04-27,115.005
2022-04-28,115.1733
2022-04-29,115.3117
2022-04-30,115.3117
2022-05-01,115.3117
2022-05-02,115.7517
2022-05-03,115.875
2022-05-04,116.015
2022-05-05,116.1583
2022-05-06,116.305
2022-05-07,116.305
2022-05-08,116.305
2022-05-09,116.755
2022-05-10,116.915
2022-05-11,117.0883
2022-05-12,117.2517
2022-05-13,117.4067
2022-05-14,117.4067
2022-05-15,117.4067
2022-05-16,117.8717
2022-05-17,118.0383
2022-05-18,118.0383
2022-05-19,118.3583
2022-05-20,118.4917
2022-05-21,118.4917
2022-05-22,118.4917
2022-05-23,118.9483
2022-05-24,119.1017
2022-05-25,119.1017
2022-05-26,119.4167
2022-05-27,119.5583
2022-05-28,119.5583
2022-05-29,119.5583
2022-05-30,120.005
2022-05-31,120.1617
2022-06-01,120.325
2022-06-02,120.4683
2022-06-03,120.6283
2022-06-04,120.6283
2022-06-05,120.6283
2022-06-06,121.1083
2022-06-07,121.2783
2022-06-08,121.455
2022-06-09,121.625
2022-06-10,121.7933
2022-06-11,121.7933
2022-06-12,121.7933
2022-06-13,122.2983
2022-06-14,122.475
2022-06-15,122.69
2022-06-16,122.895
2022-06-17,122.895
2022-06-18,122.895
2022-06-19,122.895
2022-06-20,122.895
2022-06-21,123.685
2022-06-22,123.8617
2022-06-23,124.0333
2022-06-24,124.255
2022-06-25,124.255
2022-06-26,124.255
2022-06-27,124.705
2022-06-28,124.875
2022-06-29,125.045
2022-06-30,125.215
2022-07-01,125.4117
2022-07-02,125.4117
2022-07-03,125.4117
2022-07-04,125.9883
2022-07-05,126.1833
2022-07-06,126.3783
2022-07-07,126.57
2022-07-08,126.7783
2022-07-09,126.7783
2022-07-10,126.7783
2022-07-11,127.3717
2022-07-12,127.5733
2022-07-13,127.7933
2022-07-14,128.0167
2022-07-15,128.2317
2022-07-16,128.2317
2022-07-17,128.2317
2022-07-18,128.8983
2022-07-19,129.1267
2022-07-20,129.39
2022-07-21,129.61
2022-07-22,129.76
2022-07-23,129.76
2022-07-24,129.76
2022-07-25,130.4033
2022-07-26,130.6233
2022-07-27,130.8933
2022-07-28,131.125
2022-07-29,131.2267
2022-07-30,131.2267
2022-07-31,131.2267
2022-08-01,131.935
2022-08-02,132.1783
2022-08-03,132.41
2022-08-04,132.6417
2022-08-05,132.8867
2022-08-06,132.8867
2022-08-07,132.8867
2022-08-08,133.56
2022-08-09,133.8033
2022-08-10,134.0383
2022-08-11,134.2283
2022-08-12,134.5183
2022-08-13,134.5183
2022-08-14,134.5183
2022-08-15,134.5183
2022-08-16,135.395
2022-08-17,135.57
2022-08-18,135.7733
2022-08-19,136.06
2022-08-20,136.06
2022-08-21,136.06
2022-08-22,136.685
2022-08-23,136.9033
2022-08-24,137.145
2022-08-25,137.3933
2022-08-26,137.6517
2022-08-27,137.6517
2022-08-28,137.6517
2022-08-29,138.325
2022-08-30,138.5717
2022-08-31,138.7133
2022-09-01,139.005
2022-09-02,139.005
2022-09-03,139.005
2022-09-04,139.005
2022-09-05,140.2
2022-09-06,140.5783
2022-09-07,140.82
2022-09-08,141.1767
2022-09-09,141.375
2022-09-10,141.375
2022-09-11,141.375
2022-09-12,142.275
2022-09-13,142.575
2022-09-14,142.875
2022-09-15,143.1817
2022-09-16,143.4967
2022-09-17,143.4967
2022-09-18,143.4967
2022-09-19,144.345
2022-09-20,144.6317
2022-09-21,144.9033
2022-09-22,145.1683
2022-09-23,145.4583
2022-09-24,145.4583
2022-09-25,145.4583
2022-09-26,146.2633
2022-09-27,146.5583
2022-09-28,146.8383
2022-09-29,147.09
2022-09-30,147.315
2022-10-01,147.315
2022-10-02,147.315
2022-10-03,148.2433
2022-10-04,148.5767
2022-10-05,148.9133
2022-10-06,149.1983
2022-10-07,149.1983
2022-10-08,149.1983
2022-10-09,149.1983
2022-10-10,149.1983
2022-10-11,150.7283
2022-10-12,151.0267
2022-10-13,151.3217
2022-10-14,151.6283
2022-10-15,151.6283
2022-10-16,151.6283
2022-10-17,152.53
2022-10-18,152.825
2022-10-19,153.165
2022-10-20,153.5
2022-10-21,153.8117
2022-10-22,153.8117
2022-10-23,153.8117
2022-10-24,154.7367
2022-10-25,155.0533
2022-10-26,155.3967
2022-10-27,155.6983
2022-10-28,156.0167
2022-10-29,156.0167
2022-10-30,156.0167
2022-10-31,156.895
2022-11-01,157.235
2022-11-02,157.5933
2022-11-03,157.94
2022-11-04,158.2667
2022-11-05,158.2667
2022-11-06,158.2667
2022-11-07,159.33
2022-11-08,159.7083
2022-11-09,160.0467
2022-11-10,160.3633
2022-11-11,160.7067
2022-11-12,160.7067
2022-11-13,160.7067
2022-11-14,161.7617
2022-11-15,162.1283
2022-11-16,162.4567
2022-11-17,162.795
2022-11-18,163.1467
2022-11-19,163.1467
2022-11-20,163.1467
2022-11-21,163.1467
2022-11-22,164.5233
2022-11-23,164.8467
2022-11-24,165.2133
2022-11-25,165.5883
2022-11-26,165.5883
2022-11-27,165.5883
2022-11-28,166.625
2022-11-29,166.955
2022-11-30,167.255
2022-12-01,167.685
2022-12-02,168.0933
2022-12-03,168.0933
2022-12-04,168.0933
2022-12-05,169.135
2022-12-06,169.5083
2022-12-07,169.8683
2022-12-08,169.8683
2022-12-09,169.8683
2022-12-10,169.8683
2022-12-11,169.8683
2022-12-12,171.425
2022-12-13,171.7617
2022-12-14,172.1
2022-12-15,172.425
2022-12-16,172.73
2022-12-17,172.73
2022-12-18,172.73
2022-12-19,173.645
2022-12-20,173.9317
2022-12-21,174.25
2022-12-22,174.5883
2022-12-23,174.8483
2022-12-24,174.8483
2022-12-25,174.8483
2022-12-26,175.745
2022-12-27,176.0717
2022-12-28,176.38
2022-12-29,176.7433
2022-12-30,177.1283
2022-12-31,177.1283
2023-01-01,177.1283
2023-01-02,178.1417
2023-01-03,178.4317
2023-01-04,178.6533
2023-01-05,178.94
2023-01-06,179.2433
2023-01-07,179.2433
2023-01-08,179.2433
2023-01-09,180.1367
2023-01-10,180.4017
2023-01-11,180.6883
2023-01-12,180.97
2023-01-13,181.28
2023-01-14,181.28
2023-01-15,181.28
2023-01-16,182.1633
2023-01-17,182.4917
2023-01-18,182.8033
2023-01-19,183.125
2023-01-20,183.4367
2023-01-21,183.4367
2023-01-22,183.4367
2023-01-23,184.3733
2023-01-24,184.6867
2023-01-25,185.005
2023-01-26,185.315
2023-01-27,185.63
2023-01-28,185.63
2023-01-29,185.63
2023-01-30,186.5783
2023-01-31,186.875
2023-02-01,187.3083
2023-02-02,187.6133
2023-02-03,187.95
2023-02-04,187.95
2023-02-05,187.95
2023-02-06,189.095
2023-02-07,189.4567
2023-02-08,189.8633
2023-02-09,190.2033
2023-02-10,190.5283
2023-02-11,190.5283
2023-02-12,190.5283
2023-02-13,191.64
2023-02-14,192.02
2023-02-15,192.375
2023-02-16,192.7833
2023-02-17,193.1933
2023-02-18,193.1933
2023-02-19,193.1933
2023-02-20,193.1933
2023-02-21,193.1933
2023-02-22,194.98
2023-02-23,195.35
2023-02-24,195.7383
2023-02-25,195.7383
2023-02-26,195.7383
2023-02-27,196.8117
2023-02-28,197.1533
2023-03-01,197.56
2023-03-02,197.8867
2023-03-03,198.26
2023-03-04,198.26
2023-03-05,198.26
2023-03-06,199.345
2023-03-07,199.6717
2023-03-08,200.0267
2023-03-09,200.3567
2023-03-10,200.7217
2023-03-11,200.7217
2023-03-12,200.7217
2023-03-13,201.8017
2023-03-14,202.1483
2023-03-15,202.5217
2023-03-16,202.955
2023-03-17,203.34
2023-03-18,203.34
2023-03-19,203.34
2023-03-20,204.4967
2023-03-21,204.9633
2023-03-22,205.395
2023-03-23,205.79
2023-03-24,205.79
2023-03-25,205.79
2023-03-26,205.79
2023-03-27,207.4017
2023-03-28,207.84
2023-03-29,208.2533
2023-03-30,208.5983
2023-03-31,208.9883
2023-04-01,208.9883
2023-04-02,208.9883
2023-04-03,210.33
2023-04-04,210.8
2023-04-05,211.235
2023-04-06,211.235
2023-04-07,211.235
2023-04-08,211.235
2023-04-09,211.235
2023-04-10,213.3283
2023-04-11,213.7983
2023-04-12,214.25
2023-04-13,214.665
2023-04-14,215.095
2023-04-15,215.095
2023-04-16,215.095
2023-04-17,216.3583
2023-04-18,216.8883
2023-04-19,217.47
2023-04-20,218.025
2023-04-21,218.5083
2023-04-22,218.5083
2023-04-23,218.5083
2023-04-24,220.235
2023-04-25,220.8733
2023-04-26,221.5517
2023-04-27,222.02
2023-04-28,222.575
2023-04-29,222.575
2023-04-30,222.575
2023-05-01,222.575
2023-05-02,224.625
2023-05-03,225.0917
2023-05-04,225.6583
2023-05-05,226.1917
2023-05-06,226.1917
2023-05-07,226.1917
2023-05-08,227.575
2023-05-09,228.0583
2023-05-10,228.5083
2023-05-11,228.9917
2023-05-12,229.3333
2023-05-13,229.3333
2023-05-14,229.3333
2023-05-15,230.6417
2023-05-16,231.175
2023-05-17,231.65
2023-05-18,232.2417
2023-05-19,232.7417
2023-05-20,232.7417
2023-05-21,232.7417
2023-05-22,234.4083
2023-05-23,234.9167
2023-05-24,235.6333
2023-05-25,235.6333
2023-05-26,235.6333
2023-05-27,235.6333
2023-05-28,235.6333
2023-05-29,238.2583
2023-05-30,238.7917
2023-05-31,239.325
2023-06-01,240.0667
2023-06-02,240.7417
2023-06-03,240.7417
2023-06-04,240.7417
2023-06-05,242.55
2023-06-06,243.175
2023-06-07,243.8083
2023-06-08,244.3333
2023-06-09,244.9667
2023-06-10,244.9667
2023-06-11,244.9667
2023-06-12,246.7833
2023-06-13,247.2917
2023-06-14,247.8
2023-06-15,248.5833
2023-06-16,249.1583
2023-06-17,249.1583
2023-06-18,249.1583
2023-06-19,249.1583
2023-06-20,249.1583
2023-06-21,252.0083
2023-06-22,252.5083
2023-06-23,252.9917
2023-06-24,252.9917
2023-06-25,252.9917
2023-06-26,254.5417
2023-06-27,255.1667
2023-06-28,255.8417
2023-06-29,256.2417
2023-06-30,256.675
2023-07-01,256.675
2023-07-02,256.675
2023-07-03,257.975
2023-07-04,259.15
2023-07-05,259.8
2023-07-06,260.325
2023-07-07,260.9833
2023-07-08,260.9833
2023-07-09,260.9833
2023-07-10,262.65
2023-07-11,263.3167
2023-07-12,263.9333
2023-07-13,264.5167
2023-07-14,265.1417
2023-07-15,265.1417
2023-07-16,265.1417
2023-07-17,266.7917
2023-07-18,267.5833
2023-07-19,268.225
2023-07-20,268.775
2023-07-21,269.4167
2023-07-22,269.4167
2023-07-23,269.4167
2023-07-24,271.1917
2023-07-25,271.6667
2023-07-26,272.4
2023-07-27,273
2023-07-28,273.6333
2023-07-29,273.6333
2023-07-30,273.6333
2023-07-31,275.2833
2023-08-01,276.1417
2023-08-02,277.3417
2023-08-03,278.2833
2023-08-04,279.3167
2023-08-05,279.3167
2023-08-06,279.3167
2023-08-07,283.15
2023-08-08,284.1917
2023-08-09,285.175
2023-08-10,286.1917
2023-08-11,287.2917
2023-08-12,287.2917
2023-08-13,287.2917
2023-08-14,349.975
2023-08-15,350.0083
2023-08-16,350
2023-08-17,349.975
2023-08-18,350.0167
2023-08-19,350.0167
2023-08-20,350.0167
2023-08-21,350.0167
2023-08-22,350.0083
2023-08-23,349.975
2023-08-24,349.975
2023-08-25,349.975
2023-08-26,349.975
2023-08-27,349.975
2023-08-28,349.9917
2023-08-29,349.975
2023-08-30,349.975
2023-08-31,350.0167
2023-09-01,350
2023-09-02,350
2023-09-03,350
2023-09-04,350.025
2023-09-05,349.9917
2023-09-06,350
2023-09-07,349.9917
2023-09-08,349.975
2023-09-09,349.975
2023-09-10,349.975
2023-09-11,349.9833
2023-09-12,349.975
2023-09-13,349.975
2023-09-14,349.975
2023-09-15,349.9917
2023-09-16,349.9917
2023-09-17,349.9917
2023-09-18,349.9917
2023-09-19,349.9833
2023-09-20,350
2023-09-21,349.9833
2023-09-22,350.025
2023-09-23,350.025
2023-09-24,350.025
2023-09-25,350.0083
2023-09-26,350.025
2023-09-27,350.025
2023-09-28,350.025
2023-09-29,350.0083
2023-09-30,350.0083
2023-10-01,350.0083
2023-10-02,350.025
2023-10-03,350.025
2023-10-04,350.025
2023-10-05,350.025
2023-10-06,350.025
2023-10-07,350.025
2023-10-08,350.025
2023-10-09,350.025
2023-10-10,350.025
2023-10-11,350.025
2023-10-12,350.025
2023-10-13,350.025
2023-10-14,350.025
2023-10-15,350.025
2023-10-16,350.025
2023-10-17,350.0167
2023-10-18,350.025
2023-10-19,350.025
2023-10-20,350.025
2023-10-21,350.025
2023-10-22,350.025
2023-10-23,350
2023-10-24,350.025
2023-10-25,350.0167
2023-10-26,350.0083
2023-10-27,350.0083
2023-10-28,350.0083
2023-10-29,350.0083
2023-10-30,350.025
2023-10-31,350.0083
2023-11-01,349.9917
2023-11-02,350.025
2023-11-03,350.025
2023-11-04,350.025
2023-11-05,350.025
2023-11-06,350.025
2023-11-07,350.025
2023-11-08,350.025
2023-11-09,350.025
2023-11-10,350
2023-11-11,350
2023-11-12,350
2023-11-13,350.025
2023-11-14,350.025
2023-11-15,353.0083
2023-11-16,353.475
2023-11-17,354.0083
2023-11-18,354.0083
2023-11-19,354.0083
2023-11-20,354.0083
2023-11-21,356.025
2023-11-22,356.5083
2023-11-23,357.0083
2023-11-24,357.525
2023-11-25,357.525
2023-11-26,357.525
2023-11-27,359.025
2023-11-28,359.525
2023-11-29,360.0083
2023-11-30,360.525
2023-12-01,361.025
2023-12-02,361.025
2023-12-03,361.025
2023-12-04,362.525
2023-12-05,363.025
2023-12-06,363.55
2023-12-07,364.4083
2023-12-08,364.4083
2023-12-09,364.4083
2023-12-10,364.4083
2023-12-11,366
2023-12-12,366.5
2023-12-13,799.975
2023-12-14,800.525
2023-12-15,801.075
2023-12-16,801.075
2023-12-17,801.075
2023-12-18,802.625
2023-12-19,803.175
2023-12-20,803.725
2023-12-21,804.225
2023-12-22,804.775
2023-12-23,804.775
2023-12-24,804.775
2023-12-25,804.775
2023-12-26,806.8833
2023-12-27,807.425
2023-12-28,807.975
2023-12-29,808.4833
2023-12-30,808.4833
2023-12-31,808.4833
2024-01-01,808.4833
2024-01-02,810.65
2024-01-03,811.15
2024-01-04,811.75
2024-01-05,812.25
2024-01-06,812.25
2024-01-07,812.25
2024-01-08,813.85
2024-01-09,814.35
2024-01-10,814.95
2024-01-11,815.45
2024-01-12,816.05
2024-01-13,816.05
2024-01-14,816.05
2024-01-15,817.65
2024-01-16,818.15
2024-01-17,818.65
2024-01-18,819.25
2024-01-19,819.75
2024-01-20,819.75
2024-01-21,819.75
2024-01-22,821.45
2024-01-23,821.95
2024-01-24,822.45
2024-01-25,823.05
2024-01-26,823.55
2024-01-27,823.55
2024-01-28,823.55
2024-01-29,825.25
2024-01-30,825.75
2024-01-31,826.25
2024-02-01,826.85
2024-02-02,827.35
2024-02-03,827.35
2024-02-04,827.35
2024-02-05,829.05
2024-02-06,829.55
2024-02-07,830.15
2024-02-08,830.65
2024-02-09,831.25
2024-02-10,831.25
2024-02-11,831.25
2024-02-12,831.25
2024-02-13,831.25
2024-02-14,833.95
2024-02-15,834.5667
2024-02-16,835.05
2024-02-17,835.05
2024-02-18,835.05
2024-02-19,836.75
2024-02-20,837.25
2024-02-21,837.85
2024-02-22,838.35
2024-02-23,838.95
2024-02-24,838.95
2024-02-25,838.95
2024-02-26,840.65
2024-02-27,841.15
2024-02-28,841.75
2024-02-29,842.25
2024-03-01,842.75
2024-03-02,842.75
2024-03-03,842.75
2024-03-04,844.25
2024-03-05,845.25
2024-03-06,845.75
2024-03-07,846.25
2024-03-08,846.75
2024-03-09,846.75
2024-03-10,846.75
2024-03-11,848.25
2024-03-12,848.75
2024-03-13,849.75
2024-03-14,850.25
2024-03-15,850.75
2024-03-16,850.75
2024-03-17,850.75
2024-03-18,852.25
2024-03-19,852.75
2024-03-20,853.25
2024-03-21,854.25
2024-03-22,854.75
2024-03-23,854.75
2024-03-24,854.75
2024-03-25,856.25
2024-03-26,856.75
2024-03-27,857.4167
2024-03-28,857.4167
2024-03-29,857.4167
2024-03-30,857.4167
2024-03-31,857.4167
2024-04-01,857.4167
2024-04-02,857.4167
2024-04-03,861.25
2024-04-04,861.75
2024-04-05,862.75
2024-04-06,862.75
2024-04-07,862.75
2024-04-08,864.25
2024-04-09,864.75
2024-04-10,865.25
2024-04-11,865.75
2024-04-12,866.75
2024-04-13,866.75
2024-04-14,866.75
2024-04-15,868.25
2024-04-16,868.75
2024-04-17,869.25
2024-04-18,869.75
2024-04-19,870.75
2024-04-20,870.75
2024-04-21,870.75
2024-04-22,872.25
2024-04-23,872.75
2024-04-24,873.25
2024-04-25,873.75
2024-04-26,874.75
2024-04-27,874.75
2024-04-28,874.75
2024-04-29,876.4167
2024-04-30,876.75
2024-05-01,876.75
2024-05-02,878.25
2024-05-03,878.75
2024-05-04,878.75
2024-05-05,878.75
2024-05-06,880.25
2024-05-07,880.75
2024-05-08,881.75
2024-05-09,882.25
2024-05-10,882.75
2024-05-11,882.75
2024-05-12,882.75
2024-05-13,884.25
2024-05-14,885.25
2024-05-15,885.75
2024-05-16,886.25
2024-05-17,886.75
2024-05-18,886.75
2024-05-19,886.75
2024-05-20,888.75
2024-05-21,889.25
2024-05-22,889.75
2024-05-23,890.25
2024-05-24,890.75
2024-05-25,890.75
2024-05-26,890.75
2024-05-27,892.75
2024-05-28,893.25
2024-05-29,893.75
2024-05-30,894.25
2024-05-31,895.25
